610	0	0	0	0
612	0	0	0	0
613	0	0	0	0
616	0	0	0	0
617	0	0	0	0
777	0	0	0	0
619	0	0	0	0
774	0	0	0	0
773	0	0	0	0
770	0	0	0	0
417	0	0	0	0
414	0	0	0	0
415	0	0	0	0
539	0	0	0	0
410	0	0	0	0
411	0	0	0	0
535	0	0	0	0
536	0	0	0	0
418	0	0	0	0
532	0	0	0	0
289	0	0	0	0
286	0	0	0	0
285	0	0	0	0
283	0	0	0	0
282	0	0	0	0
88	0	0	0	0
387	0	0	0	0
384	0	0	0	0
688	0	0	0	0
383	0	0	0	0
380	0	0	0	0
683	0	0	0	0
682	0	0	0	0
82	0	0	0	0
680	0	0	0	0
85	0	0	0	0
86	0	0	0	0
782	0	0	0	0
783	0	0	0	0
719	0	0	0	0
786	0	0	0	0
785	0	0	0	0
789	0	0	0	0
485	0	0	0	0
484	0	0	0	0
487	0	0	0	0
17	0	0	0	0
16	0	0	0	0
12	0	0	0	0
11	0	0	0	0
776	0	0	0	0
19	0	0	0	0
273	0	0	0	0
270	0	0	0	0
276	0	0	0	0
277	0	0	0	0
274	0	0	0	0
313	0	0	0	0
314	0	0	0	0
317	0	0	0	0
316	0	0	0	0
838	0	0	0	0
839	0	0	0	0
831	0	0	0	0
832	0	0	0	0
835	0	0	0	0
836	0	0	0	0
917	0	0	0	0
915	0	0	0	0
914	0	0	0	0
911	0	0	0	0
910	0	0	0	0
918	0	0	0	0
119	0	0	0	0
117	0	0	0	0
116	0	0	0	0
113	0	0	0	0
112	0	0	0	0
110	0	0	0	0
884	0	0	0	0
887	0	0	0	0
886	0	0	0	0
988	0	0	0	0
880	0	0	0	0
883	0	0	0	0
984	0	0	0	0
985	0	0	0	0
987	0	0	0	0
980	0	0	0	0
429	0	0	0	0
730	0	0	0	0
737	0	0	0	0
533	0	0	0	0
735	0	0	0	0
426	0	0	0	0
453	0	0	0	0
456	0	0	0	0
457	0	0	0	0
454	0	0	0	0
47	0	0	0	0
40	0	0	0	0
42	0	0	0	0
43	0	0	0	0
48	0	0	0	0
649	0	0	0	0
648	0	0	0	0
645	0	0	0	0
644	0	0	0	0
642	0	0	0	0
641	0	0	0	0
744	0	0	0	0
745	0	0	0	0
742	0	0	0	0
741	0	0	0	0
547	0	0	0	0
540	0	0	0	0
542	0	0	0	0
543	0	0	0	0
548	0	0	0	0
9	0	0	0	0
359	0	0	0	0
355	0	0	0	0
354	0	0	0	0
351	0	0	0	0
352	0	0	0	0
26	0	0	0	0
27	0	0	0	0
24	0	0	0	0
957	0	0	0	0
23	0	0	0	0
20	0	0	0	0
954	0	0	0	0
152	0	0	0	0
151	0	0	0	0
157	0	0	0	0
813	0	0	0	0
158	0	0	0	0
229	0	0	0	0
4	0	0	0	0
220	0	0	0	0
223	0	0	0	0
222	0	0	0	0
227	0	0	0	0
226	0	0	0	0
586	0	0	0	0
867	0	0	0	0
866	0	0	0	0
863	0	0	0	0
862	0	0	0	0
860	0	0	0	0
926	0	0	0	0
925	0	0	0	0
922	0	0	0	0
923	0	0	0	0
869	0	0	0	0
126	0	0	0	0
127	0	0	0	0
120	0	0	0	0
129	0	0	0	0
386	0	0	0	0
89	0	0	0	0
689	0	0	0	0
602	0	0	0	0
601	0	0	0	0
605	0	0	0	0
604	0	0	0	0
703	0	0	0	0
609	0	0	0	0
706	0	0	0	0
704	0	0	0	0
401	0	0	0	0
509	0	0	0	0
402	0	0	0	0
407	0	0	0	0
408	0	0	0	0
502	0	0	0	0
504	0	0	0	0
505	0	0	0	0
81	0	0	0	0
391	0	0	0	0
392	0	0	0	0
672	0	0	0	0
394	0	0	0	0
98	0	0	0	0
97	0	0	0	0
398	0	0	0	0
95	0	0	0	0
94	0	0	0	0
790	0	0	0	0
793	0	0	0	0
792	0	0	0	0
953	0	0	0	0
956	0	0	0	0
269	0	0	0	0
267	0	0	0	0
266	0	0	0	0
261	0	0	0	0
262	0	0	0	0
324	0	0	0	0
320	0	0	0	0
321	0	0	0	0
323	0	0	0	0
328	0	0	0	0
329	0	0	0	0
620	0	0	0	0
829	0	0	0	0
828	0	0	0	0
823	0	0	0	0
821	0	0	0	0
820	0	0	0	0
824	0	0	0	0
963	0	0	0	0
960	0	0	0	0
961	0	0	0	0
964	0	0	0	0
969	0	0	0	0
168	0	0	0	0
160	0	0	0	0
161	0	0	0	0
167	0	0	0	0
164	0	0	0	0
165	0	0	0	0
995	0	0	0	0
994	0	0	0	0
991	0	0	0	0
679	0	0	0	0
445	0	0	0	0
446	0	0	0	0
441	0	0	0	0
859	0	0	0	0
854	0	0	0	0
855	0	0	0	0
852	0	0	0	0
448	0	0	0	0
851	0	0	0	0
5	0	0	0	0
711	0	0	0	0
439	0	0	0	0
58	0	0	0	0
51	0	0	0	0
50	0	0	0	0
57	0	0	0	0
55	0	0	0	0
54	0	0	0	0
633	0	0	0	0
630	0	0	0	0
636	0	0	0	0
637	0	0	0	0
634	0	0	0	0
751	0	0	0	0
752	0	0	0	0
755	0	0	0	0
754	0	0	0	0
759	0	0	0	0
758	0	0	0	0
557	0	0	0	0
555	0	0	0	0
554	0	0	0	0
551	0	0	0	0
550	0	0	0	0
558	0	0	0	0
369	0	0	0	0
360	0	0	0	0
362	0	0	0	0
363	0	0	0	0
366	0	0	0	0
367	0	0	0	0
39	0	0	0	0
35	0	0	0	0
36	0	0	0	0
33	0	0	0	0
32	0	0	0	0
581	0	0	0	0
449	0	0	0	0
214	0	0	0	0
210	0	0	0	0
211	0	0	0	0
213	0	0	0	0
219	0	0	0	0
180	0	0	0	0
182	0	0	0	0
183	0	0	0	0
188	0	0	0	0
189	0	0	0	0
939	0	0	0	0
938	0	0	0	0
582	0	0	0	0
816	0	0	0	0
585	0	0	0	0
814	0	0	0	0
588	0	0	0	0
589	0	0	0	0
933	0	0	0	0
130	0	0	0	0
133	0	0	0	0
134	0	0	0	0
137	0	0	0	0
136	0	0	0	0
929	0	0	0	0
714	0	0	0	0
438	0	0	0	0
710	0	0	0	0
713	0	0	0	0
430	0	0	0	0
432	0	0	0	0
433	0	0	0	0
519	0	0	0	0
512	0	0	0	0
511	0	0	0	0
517	0	0	0	0
516	0	0	0	0
63	0	0	0	0
66	0	0	0	0
67	0	0	0	0
64	0	0	0	0
661	0	0	0	0
660	0	0	0	0
665	0	0	0	0
664	0	0	0	0
667	0	0	0	0
668	0	0	0	0
566	0	0	0	0
567	0	0	0	0
564	0	0	0	0
563	0	0	0	0
695	0	0	0	0
258	0	0	0	0
259	0	0	0	0
251	0	0	0	0
252	0	0	0	0
254	0	0	0	0
255	0	0	0	0
336	0	0	0	0
335	0	0	0	0
332	0	0	0	0
331	0	0	0	0
339	0	0	0	0
338	0	0	0	0
979	0	0	0	0
977	0	0	0	0
976	0	0	0	0
970	0	0	0	0
973	0	0	0	0
972	0	0	0	0
175	0	0	0	0
176	0	0	0	0
173	0	0	0	0
172	0	0	0	0
179	0	0	0	0
1	0	0	0	0
470	0	0	0	0
848	0	0	0	0
472	0	0	0	0
473	0	0	0	0
476	0	0	0	0
477	0	0	0	0
479	0	0	0	0
845	0	0	0	0
844	0	0	0	0
847	0	0	0	0
2	0	0	0	0
627	0	0	0	0
626	0	0	0	0
769	0	0	0	0
766	0	0	0	0
767	0	0	0	0
629	0	0	0	0
761	0	0	0	0
762	0	0	0	0
523	0	0	0	0
520	0	0	0	0
526	0	0	0	0
527	0	0	0	0
524	0	0	0	0
298	0	0	0	0
297	0	0	0	0
290	0	0	0	0
292	0	0	0	0
293	0	0	0	0
698	0	0	0	0
699	0	0	0	0
379	0	0	0	0
691	0	0	0	0
692	0	0	0	0
370	0	0	0	0
377	0	0	0	0
376	0	0	0	0
696	0	0	0	0
798	0	0	0	0
495	0	0	0	0
492	0	0	0	0
491	0	0	0	0
508	0	0	0	0
207	0	0	0	0
206	0	0	0	0
204	0	0	0	0
203	0	0	0	0
675	0	0	0	0
308	0	0	0	0
501	0	0	0	0
307	0	0	0	0
304	0	0	0	0
305	0	0	0	0
300	0	0	0	0
301	0	0	0	0
196	0	0	0	0
195	0	0	0	0
192	0	0	0	0
191	0	0	0	0
805	0	0	0	0
804	0	0	0	0
807	0	0	0	0
734	0	0	0	0
801	0	0	0	0
800	0	0	0	0
199	0	0	0	0
198	0	0	0	0
907	0	0	0	0
597	0	0	0	0
901	0	0	0	0
595	0	0	0	0
594	0	0	0	0
598	0	0	0	0
908	0	0	0	0
109	0	0	0	0
104	0	0	0	0
105	0	0	0	0
101	0	0	0	0
102	0	0	0	0
898	0	0	0	0
899	0	0	0	0
892	0	0	0	0
891	0	0	0	0
894	0	0	0	0
895	0	0	0	0
720	0	0	0	0
722	0	0	0	0
723	0	0	0	0
726	0	0	0	0
727	0	0	0	0
729	0	0	0	0
425	0	0	0	0
423	0	0	0	0
422	0	0	0	0
876	0	0	0	0
460	0	0	0	0
71	0	0	0	0
70	0	0	0	0
73	0	0	0	0
74	0	0	0	0
79	0	0	0	0
78	0	0	0	0
658	0	0	0	0
657	0	0	0	0
651	0	0	0	0
652	0	0	0	0
808	0	0	0	0
579	0	0	0	0
578	0	0	0	0
571	0	0	0	0
570	0	0	0	0
573	0	0	0	0
574	0	0	0	0
930	0	0	0	0
817	0	0	0	0
242	0	0	0	0
241	0	0	0	0
245	0	0	0	0
244	0	0	0	0
347	0	0	0	0
344	0	0	0	0
345	0	0	0	0
348	0	0	0	0
948	0	0	0	0
949	0	0	0	0
488	0	0	0	0
941	0	0	0	0
942	0	0	0	0
945	0	0	0	0
946	0	0	0	0
141	0	0	0	0
142	0	0	0	0
144	0	0	0	0
145	0	0	0	0
148	0	0	0	0
149	0	0	0	0
238	0	0	0	0
237	0	0	0	0
234	0	0	0	0
235	0	0	0	0
230	0	0	0	0
676	0	0	0	0
463	0	0	0	0
461	0	0	0	0
877	0	0	0	0
464	0	0	0	0
395	0	0	0	0
469	0	0	0	0
879	0	0	0	0
673	0	0	0	0
399	0	0	0	0
442	0	0	0	0
797	0	0	0	0
8	0	0	0	0
